,Credit Default
0,0.2572467758013506
1,0.4559458969196004
2,0.2841549300738127
3,0.3321945505776245
4,0.17245180674897978
5,0.3670515827336199
6,0.26075802943706267
7,0.5448138475029416
8,0.24054309445283473
9,0.11419011046678702
10,0.30305306694523704
11,0.3657423941829443
12,0.2840391899597536
13,0.3628021953756797
14,0.4661367349609853
15,0.33306551016488634
16,0.41087012212312357
17,0.3554426735961948
18,0.07052054357981137
19,0.3461623260682427
20,0.3145811517393947
21,0.5108051412401585
22,0.27088256602152266
23,0.03727161578800742
24,0.38421200110694465
25,0.47711880784601585
26,0.45854703935536933
27,0.3030277579466451
28,0.3832464793229974
29,0.25808277316126454
30,0.36864823197898233
31,0.28219505750638746
32,0.21648728486829755
33,0.2838792032458173
34,0.12040752134829369
35,0.17257693725022846
36,0.4205699176711453
37,0.3246519620762162
38,0.4509769714339687
39,0.39350314661766117
40,0.5759436095396775
41,0.28461488679601776
42,0.4020492955242313
43,0.29688762115528994
44,0.5841514671039884
45,0.284798939398936
46,0.19878774150683415
47,0.31678939855383265
48,0.2558217967727658
49,0.24444831706203615
50,0.3209844843626149
51,0.3830454896902801
52,0.3620419220738886
53,0.17837082672591548
54,0.5432454681879229
55,0.29482444865967067
56,0.44327195252957874
57,0.08809084095606981
58,0.19824044084905873
59,0.23820922344197135
60,0.4215724989603759
61,0.13103196649994062
62,0.040623934025358764
63,0.40311182667565515
64,0.44222637271905885
65,0.14031948769719296
66,0.2839484719852136
67,0.243587058098334
68,0.1816117437427355
69,0.18518781653717914
70,0.19500585323129363
71,0.20946136919017735
72,0.19242877436525865
73,0.22117266767164448
74,0.4395950448832765
75,0.24445412828275204
76,0.46146178330558074
77,0.3349274699887034
78,0.3490635065016179
79,0.4460982536692855
80,0.33189118792074984
81,0.25614812252057506
82,0.20205071732814206
83,0.3809292807961793
84,0.31918182704307957
85,0.22184985696164986
86,0.21896394538767555
87,0.3655616382422705
88,0.17986298170713075
89,0.32154984415475135
90,0.05831259314832995
91,0.4907318367792197
92,0.33210436064314364
93,0.3066301234930835
94,0.367910165891611
95,0.37595511356081707
96,0.26872084669312307
97,0.15312782016983173
98,0.33102400857957615
99,0.07354637328941907
100,0.5481120431784298
101,0.2674991350205316
102,0.09713951334854785
103,0.53833723267733
104,0.24031860741070316
105,0.254470429865711
106,0.432028912806446
107,0.5392855805489257
108,0.4010295531566669
109,0.35975128152299574
110,0.19440078641627248
111,0.25733070713326067
112,0.4788973195758474
113,0.28722924964708235
114,0.3048115570698771
115,0.4800190769600035
116,0.3966895364729619
117,0.3431788752704973
118,0.23601453229771652
119,0.4708292759427061
120,0.4335077405444657
121,0.4037149697651078
122,0.2721870346261711
123,0.1946426911723863
124,0.5889809339500189
125,0.32586806293377696
126,0.26333632557397774
127,0.22173717000273976
128,0.44188418943358543
129,0.2985544789213875
130,0.11996485077275146
131,0.27433397340712984
132,0.3695707846138165
133,0.32955247622378764
134,0.27613359499438306
135,0.37668706747568476
136,0.0675161123489769
137,0.3584562221828093
138,0.29185222921223053
139,0.5879542050773628
140,0.4522028009127696
141,0.2350579342308152
142,0.35823768581579946
143,0.1896986107721166
144,0.5105142560128837
145,0.09465800558758562
146,0.46672697325442897
147,0.24486442987581022
148,0.25256535974537203
149,0.2860646409097024
150,0.3995653069879156
151,0.16111262908203494
152,0.4017511048723808
153,0.3440186439524398
154,0.4309804606077551
155,0.3666726822693665
156,0.037771873194118843
157,0.4131979497944036
158,0.08320689912942777
159,0.4165969706462975
160,0.12239255215031411
161,0.2638555398735339
162,0.313665288740799
163,0.17504855283184975
164,0.3545308951054942
165,0.5913470523354306
166,0.3490288207013675
167,0.035082637283757094
168,0.2703207935648874
169,0.633805220491065
170,0.5249290642305662
171,0.262046881678914
172,0.26622704046812645
173,0.4776054732029666
174,0.25480728968023614
175,0.12659377003084796
176,0.46578998465941396
177,0.3879294225834297
178,0.12101991613457239
179,0.1664586161911226
180,0.1784728222250393
181,0.26239023123748645
182,0.2548495203453692
183,0.09456858290566382
184,0.30703063057947116
185,0.07191389587862701
186,0.32760745391096946
187,0.10457952281679615
188,0.250359442406129
189,0.3879510664210147
190,0.3485683449561393
191,0.18251498030378796
192,0.30693123848819126
193,0.18095013189402778
194,0.4448693176638835
195,0.16560905592465833
196,0.035010887752255825
197,0.48370128925178096
198,0.10575729384266751
199,0.382991246270255
200,0.1357661954315241
201,0.20636476760873668
202,0.16361215215220662
203,0.0871316263735948
204,0.21121047420075492
205,0.33966885560735616
206,0.1686982328976378
207,0.6847680708478348
208,0.4999644382259841
209,0.40098078538677034
210,0.3659451499695931
211,0.2385301150690554
212,0.40304988933232805
213,0.30203372185026783
214,0.2746377610855589
215,0.2723899284211392
216,0.45886330220025945
217,0.41626945980848445
218,0.13723182768993908
219,0.6212382444484703
220,0.2953002721114012
221,0.5510179611711679
222,0.15162571654987855
223,0.2962780289406992
224,0.3767808414037614
225,0.3024292220804084
226,0.40466323138810006
227,0.17237955039846883
228,0.2716422360297848
229,0.14780547007971598
230,0.5383518549906842
231,0.15123026206172485
232,0.2749557598442713
233,0.16128404178798564
234,0.414622861436513
235,0.4177628233385667
236,0.3868810900934373
237,0.27338120989614956
238,0.23795171152763095
239,0.23069772630456759
240,0.2502411772418006
241,0.36588944240069404
242,0.37180883677450094
243,0.154217379112556
244,0.20937392547655523
245,0.13056882939369474
246,0.13393226464689578
247,0.21643806297462645
248,0.3353615261031647
249,0.3056788872124015
250,0.5055108750128915
251,0.32289259121191566
252,0.37917826347494143
253,0.21685237653571435
254,0.2397080217013341
255,0.5880288722867091
256,0.24002322999427983
257,0.3122282359508053
258,0.3119826211475288
259,0.07079506607284876
260,0.10648617934510056
261,0.517445135125875
262,0.24773611475404134
263,0.48079828157945387
264,0.2653008041532775
265,0.6467264904815675
266,0.32633278427990725
267,0.3979354027069759
268,0.2192516837484753
269,0.35386966617802196
270,0.18632113148777785
271,0.32655152196628295
272,0.13873269014242987
273,0.26830511111995997
274,0.1833424634948051
275,0.23072739678975748
276,0.3707725367485272
277,0.15667720280714967
278,0.25723883456615454
279,0.3653566647094997
280,0.540451551415299
281,0.08462450305898775
282,0.2370410770317686
283,0.33924181381668433
284,0.2058863821059833
285,0.2752893296320681
286,0.18254155866925226
287,0.04926992377408231
288,0.3677520214350173
289,0.16386570374733664
290,0.050634426459636964
291,0.4535660358120656
292,0.4832445327001927
293,0.06894379007315139
294,0.24590229988715995
295,0.3893496922765265
296,0.46878316295852956
297,0.6423787982940138
298,0.33386939949352024
299,0.3822870794213214
300,0.2360462875449032
301,0.21448003205776103
302,0.19843225022331176
303,0.2110407371304887
304,0.23035467815269586
305,0.35594116645470225
306,0.48071883863460924
307,0.26689318858376265
308,0.38472948780550686
309,0.3094035425797229
310,0.2273166300887858
311,0.4744750121752008
312,0.1447732132528013
313,0.20646566655629947
314,0.21800241766046816
315,0.501695524876875
316,0.30331044475333935
317,0.17197191254195857
318,0.04402561273252745
319,0.30988669020963416
320,0.283710052357196
321,0.35292700966400675
322,0.415856720320668
323,0.09679455663783748
324,0.357639991715198
325,0.2234914142139676
326,0.4023067157693297
327,0.49600650310724254
328,0.4225473453878204
329,0.44077284286062707
330,0.232229918447483
331,0.1578991986057649
332,0.28643419651968605
333,0.3708167057908797
334,0.19595980740082644
335,0.4816988180407269
336,0.08956733957596046
337,0.36574781580948734
338,0.2629695795085773
339,0.16814443180572308
340,0.4774872858194091
341,0.13564485372211016
342,0.08298529639105412
343,0.12820713394547376
344,0.47704794370650655
345,0.44086383688939423
346,0.12413515516210001
347,0.4233224231968811
348,0.34872769071084964
349,0.12641775136324218
350,0.23030259079728663
351,0.405266871307493
352,0.3472266080625858
353,0.42053700401365857
354,0.10107567956592454
355,0.17658983113965968
356,0.2568617051856548
357,0.28460002325455935
358,0.33735977513600085
359,0.46040133005249523
360,0.5985077992168134
361,0.11725490035399402
362,0.19721761120621856
363,0.3666092173406247
364,0.3968409583895693
365,0.2661100654484025
366,0.2650794617835183
367,0.625417126368124
368,0.19411277964079482
369,0.40061500870170536
370,0.17883223134577647
371,0.1690905391277549
372,0.45938813394626965
373,0.2528215074762159
374,0.21849678800147015
375,0.15831550023822696
376,0.26107956577480657
377,0.2884718836801978
378,0.476419040235565
379,0.5636803332421164
380,0.5148677381871661
381,0.32581443253734926
382,0.28756487931812247
383,0.343073861187737
384,0.3209352434065403
385,0.399213993221168
386,0.06560207650904179
387,0.3753720729920897
388,0.15885123052153413
389,0.3328619109653362
390,0.2366142429446219
391,0.28463022672399135
392,0.14875878198713635
393,0.284381913165199
394,0.2695513140969314
395,0.22954391863251936
396,0.30964663902472495
397,0.4104938699879115
398,0.6350432106078494
399,0.25837866589091507
400,0.16993154121834306
401,0.4226525659125843
402,0.10133893393577666
403,0.35610183494250225
404,0.3722626411548456
405,0.12612176385067897
406,0.2897591547825304
407,0.3930173457409716
408,0.25789687755068386
409,0.34784886429463346
410,0.20005643019017458
411,0.22788892859745022
412,0.3642827514870999
413,0.57611640574429
414,0.3791899448838718
415,0.30377197918890975
416,0.1545673875932576
417,0.31420646344160263
418,0.25624710474204954
419,0.27102543445048466
420,0.1583933243603511
421,0.22762941485595337
422,0.15862057255831535
423,0.1728770189213031
424,0.32906490396152277
425,0.13219597242649314
426,0.3204757553094512
427,0.5593719447602662
428,0.2197405963842534
429,0.5041024521469172
430,0.2634520142408666
431,0.28572931098560816
432,0.2713739972803597
433,0.15965766059529096
434,0.34445236334500723
435,0.2830450929743182
436,0.1955122459301588
437,0.1592314319507023
438,0.11836578915537779
439,0.22731864566304244
440,0.3685069488936036
441,0.2164769888496883
442,0.29196866407627
443,0.3054020009200407
444,0.5742670127399803
445,0.1926259227701485
446,0.48507888351580225
447,0.26092444189279745
448,0.5224966295171946
449,0.3781066645335557
450,0.24633155548404756
451,0.22085509649140098
452,0.36039729555828526
453,0.23456425220908408
454,0.14588829265123945
455,0.35349177515435476
456,0.37715687656632674
457,0.25564051991047176
458,0.6341664272069943
459,0.21485376246911841
460,0.20100578982778314
461,0.5224023476872282
462,0.37981963674436586
463,0.21005119089895022
464,0.08295053931781972
465,0.3820229703721527
466,0.16725858550024772
467,0.2683478375019436
468,0.29595558755254603
469,0.48729900235618173
470,0.2932067706680855
471,0.06913525235761901
472,0.3780958890708371
473,0.48250152256061046
474,0.48116561666800645
475,0.30888003451776563
476,0.27966003687048363
477,0.5097920395687034
478,0.21572483873209788
479,0.37511670554855014
480,0.24419889355424843
481,0.22880402826550972
482,0.37439502463653385
483,0.4376724984522733
484,0.24943221580312497
485,0.2677086863616374
486,0.4107368624542991
487,0.24124621638988447
488,0.3598219802955322
489,0.2082260097432482
490,0.34061168349774745
491,0.2626715591902185
492,0.349803601901329
493,0.5325345734379294
494,0.46111253985125933
495,0.5329692718758038
496,0.28810714151313266
497,0.21771595177874337
498,0.2512344954795194
499,0.12431059290676175
500,0.24629378578711325
501,0.34726511737111604
502,0.2682153956831436
503,0.3536460696959927
504,0.2859022569453627
505,0.08039893212790011
506,0.1848810858253886
507,0.35823351640180584
508,0.27034233557592047
509,0.514990107526056
510,0.6384357813650223
511,0.3520543374561165
512,0.3330511667188271
513,0.34440637193420093
514,0.6146902276188234
515,0.5080090683514541
516,0.7058378614302285
517,0.2722462219577874
518,0.24993123933774455
519,0.27651793798403057
520,0.18524079945963218
521,0.21427451697205085
522,0.4091854247221752
523,0.23851138275945008
524,0.21267172085768415
525,0.5838135830338013
526,0.3541639811885938
527,0.26133986846590507
528,0.5191149684042234
529,0.43857760262544304
530,0.17773895454989105
531,0.49232881224119784
532,0.6462215039336109
533,0.15741618340415015
534,0.23053760860348874
535,0.27450754784438136
536,0.3447694502156686
537,0.24468000990942834
538,0.26525989586036064
539,0.2470730756978968
540,0.355843603677657
541,0.3086963728005178
542,0.19901114568383527
543,0.35138241580390206
544,0.4273437446590542
545,0.14451568983426857
546,0.48673342971054256
547,0.3479492333722966
548,0.13045468834169383
549,0.17416469688359884
550,0.45906087917692007
551,0.3297860562284187
552,0.3017464764604913
553,0.33928712064620475
554,0.5969852071635141
555,0.2593075694341945
556,0.4680444598726734
557,0.4555919590912792
558,0.22054085179490493
559,0.25858313421700563
560,0.3219305964957868
561,0.19247410290028877
562,0.23282386454771287
563,0.29036771814685447
564,0.2711587477620747
565,0.23704790104907555
566,0.034397626891810876
567,0.13074464940651706
568,0.6549168454139268
569,0.19306287211507492
570,0.6055111910761105
571,0.28203281098952715
572,0.5812938731311299
573,0.5378443736033333
574,0.4252144883455019
575,0.1767089409923212
576,0.47369741109353664
577,0.3678006491656987
578,0.15748717559074796
579,0.29997456518329296
580,0.42689509505295625
581,0.15582940337783496
582,0.23722751468247022
583,0.3545779656565784
584,0.24843763568005117
585,0.2709379356789123
586,0.5075705753187966
587,0.18654046929047224
588,0.2260759704520434
589,0.19461448809360643
590,0.3407811430575923
591,0.21720600551221148
592,0.4960770201192773
593,0.16376294719117004
594,0.2576780714842341
595,0.7949226275355106
596,0.1971040200426089
597,0.08520005688785257
598,0.4138006940393046
599,0.23743727727129552
600,0.5135945709559236
601,0.11767554596008226
602,0.11100310653974885
603,0.3752103259484687
604,0.40671842729997243
605,0.43104701623716707
606,0.12243767729692695
607,0.3367754281577472
608,0.09462863806001603
609,0.14433157752465178
610,0.4916190508398365
611,0.20804748284162244
612,0.22993901478753587
613,0.2713638408533227
614,0.1936994521996863
615,0.27024726146577693
616,0.25521696993344367
617,0.5084286054049665
618,0.34034759085663624
619,0.35167066822672005
620,0.4764085372914073
621,0.10537677883795668
622,0.3094051601788046
623,0.4619844384157131
624,0.45835136565236295
625,0.2877496386179292
626,0.2980565541722518
627,0.26325618686955554
628,0.678130920950161
629,0.24231085744350894
630,0.3257114110468764
631,0.2346846648388986
632,0.2519193066700598
633,0.2778283048245501
634,0.2715814450332207
635,0.4042620042268503
636,0.5553314945817778
637,0.3860662432180599
638,0.21596960721920883
639,0.09518459741138474
640,0.09159872793948563
641,0.28213365333111223
642,0.19214879540338886
643,0.0961587800374904
644,0.5005238465406943
645,0.4117950280415399
646,0.05801133276569405
647,0.27258481764321285
648,0.2769971111438662
649,0.6333848435904581
650,0.6384996617452334
651,0.22794678107472702
652,0.22425546492384732
653,0.2236307815292912
654,0.5980018744737505
655,0.27327894415514176
656,0.1914913412572354
657,0.6017898800035216
658,0.3056930023000613
659,0.6401849167767829
660,0.20022368158769036
661,0.13249120297714653
662,0.14423211541537984
663,0.37441338711052974
664,0.33173667894054626
665,0.3754508933220918
666,0.39270590350609336
667,0.26989496570261
668,0.205033915471439
669,0.30134174710888534
670,0.37244933095577115
671,0.2244279345269603
672,0.39124610164173274
673,0.32117889880845496
674,0.3487669654116449
675,0.3247130111755985
676,0.2607028378060248
677,0.04910268123358481
678,0.23608202154170027
679,0.2511206003723254
680,0.6114597065574013
681,0.4767182725771801
682,0.32956697437078386
683,0.2532288354725733
684,0.2963193768186326
685,0.10737571721462183
686,0.18418550457422755
687,0.21951273030746365
688,0.42104475700732863
689,0.1031678020569527
690,0.24320666434172517
691,0.2550649487138154
692,0.44846218820780465
693,0.26386510226540666
694,0.31406130821223516
695,0.2193107956917327
696,0.46852321772996014
697,0.16392832142827346
698,0.26237200062579336
699,0.21563226440774655
700,0.31226145170812347
701,0.23835717487766733
702,0.09890981853492241
703,0.36009176112506575
704,0.42284524124024964
705,0.1384836708993436
706,0.2569136746457873
707,0.2840423299500099
708,0.33357876486749855
709,0.3701790336708848
710,0.14268446918323882
711,0.4564161855224035
712,0.22553065994781687
713,0.35957572774393354
714,0.3023554694374456
715,0.3937298959245765
716,0.4251999429127614
717,0.2594400277586344
718,0.22541174753899978
719,0.08054204946677179
720,0.4476401389005246
721,0.20974242531420076
722,0.3213219247166245
723,0.3278680196771334
724,0.39387022298099883
725,0.37034984397205284
726,0.4192179611800503
727,0.5852942446358019
728,0.3756313516586182
729,0.166403655229108
730,0.46736543196225366
731,0.4429206313384479
732,0.28625456628921697
733,0.3906268800647007
734,0.4479090205402791
735,0.3197780284135618
736,0.40424548656395415
737,0.1979339704932234
738,0.09534976926443162
739,0.4340997323624462
740,0.3179024384767037
741,0.12738958252165503
742,0.31826110148084746
743,0.18474924627791303
744,0.37459113339568095
745,0.34278871757379537
746,0.44044748916708293
747,0.18566284483632609
748,0.38057790858181556
749,0.27167843547163456
750,0.5480589191620473
751,0.26948660817012376
752,0.3326792670552886
753,0.4372843258687798
754,0.06980020036992855
755,0.22146927327386423
756,0.10403290405201027
757,0.21541720839452144
758,0.5008381500426319
759,0.47148715640731403
760,0.1625357361141225
761,0.2834912140223401
762,0.4689052794898599
763,0.3833153390988185
764,0.5278358383801047
765,0.13602466000521374
766,0.12207679333650136
767,0.6286328023254345
768,0.075664038945874
769,0.23965034125140558
770,0.4477021756094176
771,0.2700004341192381
772,0.47205695626180205
773,0.047130031374852624
774,0.21690954424567527
775,0.28761984813603136
776,0.3754238147941831
777,0.3269889285692004
778,0.19721873676392884
779,0.35763190900635233
780,0.2154011337431988
781,0.2920402424328098
782,0.2934875466966966
783,0.2214195454994312
784,0.07933370133497733
785,0.2674996080709356
786,0.42232734459570037
787,0.37488969048514564
788,0.7610926054812439
789,0.3647487853993114
790,0.1973766848250938
791,0.2668059043894725
792,0.524399880028311
793,0.08972016365400752
794,0.17360240204631405
795,0.4719969801501673
796,0.33829847116851636
797,0.21086757519102445
798,0.27833173511626247
799,0.08187653743245425
800,0.10112399584097045
801,0.17875157319087928
802,0.23791629575125142
803,0.727778895334136
804,0.18429571035377829
805,0.37174925762432914
806,0.41723348404939553
807,0.4065828303681715
808,0.11293451788055574
809,0.21257881732933653
810,0.25127317675069405
811,0.277360012416842
812,0.3290287623731378
813,0.2858091672664095
814,0.32536331475313246
815,0.4986738028875569
816,0.27484726337203413
817,0.3673905737187436
818,0.3434066856994585
819,0.29101340284399557
820,0.2796617642992243
821,0.2307766015670428
822,0.18554714880983306
823,0.1434032200492122
824,0.6071948397611953
825,0.2511212212838336
826,0.28162949739194043
827,0.3554036849590738
828,0.11607119683371452
829,0.18664218330577242
830,0.27443793939792077
831,0.2775406232940779
832,0.2486506547536407
833,0.10286735874829556
834,0.25988781163068625
835,0.16670457043299336
836,0.09265227506568122
837,0.14985417502565532
838,0.2586743768309353
839,0.215326223960424
840,0.3127272956051176
841,0.3844383858024168
842,0.2674300640499703
843,0.48491993643823705
844,0.20739923527575768
845,0.2763893778359078
846,0.4224371734747187
847,0.35385431457798483
848,0.36331255019610526
849,0.21901769513887104
850,0.40026053434098907
851,0.32251539115364786
852,0.24597238780075945
853,0.1439792090677003
854,0.23873291257174337
855,0.45445410770899314
856,0.3886199208346311
857,0.4154599698398668
858,0.26540576554025497
859,0.2988497083544123
860,0.6124092428039797
861,0.26160687841586877
862,0.25536474385405394
863,0.4048024672803562
864,0.3264017403729362
865,0.19471869379848966
866,0.14618095784032548
867,0.20369158238962126
868,0.34403354731777674
869,0.2766300971793528
870,0.3427114292618577
871,0.5874139297936684
872,0.3286761905783821
873,0.18184954077794138
874,0.22862216972807903
875,0.3906610284400534
876,0.2159583282803068
877,0.16650173251035516
878,0.394168568135029
879,0.07619442910738895
880,0.20599296433328604
881,0.5143041030421202
882,0.3557451807212427
883,0.24615774694146275
884,0.213107628505975
885,0.6579562731339819
886,0.22706983589476973
887,0.32329687545638075
888,0.2518190372836874
889,0.16077225718854746
890,0.4732888691236936
891,0.30215475401512
892,0.6268076252628884
893,0.3850671642713867
894,0.23726229539834098
895,0.3243444050576251
896,0.2719431100834083
897,0.11765693252893346
898,0.3016375117171627
899,0.19974347366857928
900,0.29062079877068914
901,0.5312713168649617
902,0.2542272284327879
903,0.014845337057888854
904,0.21298795896473896
905,0.08140768652581994
906,0.2732975609832446
907,0.30493453516902613
908,0.28842709335908767
909,0.5018432104740261
910,0.12954431025399094
911,0.36012341751875315
912,0.14956251648230443
913,0.49729238399182374
914,0.3499859335453907
915,0.19502495162054714
916,0.2438721399698962
917,0.10566321982079964
918,0.43345191113978176
919,0.20026741236694676
920,0.15900256316258832
921,0.3386613443280707
922,0.22914237180078942
923,0.29975071993019897
924,0.42198392071866975
925,0.21014808698044699
926,0.4448068227562328
927,0.3015575707888471
928,0.26669155715913895
929,0.3342209687951771
930,0.21411814997796083
931,0.46067393695583625
932,0.22035296170461743
933,0.21732696347370076
934,0.18204394377176075
935,0.34088189417845655
936,0.14062185511648753
937,0.3312647475171824
938,0.7842045957254911
939,0.42596990916132266
940,0.37255321882529385
941,0.3566275637702476
942,0.28179263291434703
943,0.3282935544232667
944,0.22554744791541165
945,0.2170219118225892
946,0.041944106408423554
947,0.29227383923555406
948,0.2354510169824737
949,0.08597043605576517
950,0.23330777272874198
951,0.2617211482120426
952,0.24707660278100674
953,0.4498320848261038
954,0.14244292944838263
955,0.2342555275710484
956,0.23203487871849637
957,0.30654968543266314
958,0.49756321651134694
959,0.04949800589542839
960,0.27096594054243256
961,0.1961833372337068
962,0.5200540668206843
963,0.2767688215139597
964,0.39360918193135097
965,0.349783682035329
966,0.35283167524411024
967,0.16688279161015546
968,0.21889183487791813
969,0.09725445554024625
970,0.3107646335765991
971,0.2895648560860558
972,0.3619088318916893
973,0.509289692406363
974,0.4708324762408483
975,0.40800918960025184
976,0.10933064886912214
977,0.12843124991757407
978,0.3441962862623009
979,0.45946356419764744
980,0.24814276553081333
981,0.17047026710538724
982,0.08503826113717047
983,0.364286753655912
984,0.13655788811474898
985,0.31434902844034707
986,0.2775747096055352
987,0.3044785851810202
988,0.4641601919776274
989,0.12875477014339412
990,0.3765812032951241
991,0.27806073203511616
992,0.355662450391623
993,0.22117196690575983
994,0.34013798145491564
995,0.3027220804886042
996,0.2539715403259117
997,0.25158707723553175
998,0.5115726928431822
999,0.2810970585983972
1000,0.25240758324380325
1001,0.19900463150366954
1002,0.24939679050179508
1003,0.3165342726801632
1004,0.1415512408297435
1005,0.2556556066361914
1006,0.18821237495886753
1007,0.2717773766003751
1008,0.08785084036527746
1009,0.2302289674392131
1010,0.2256724293140305
1011,0.3276210098134641
1012,0.5000886324320358
1013,0.34006397463658306
1014,0.09768658957313557
1015,0.22113337541580055
1016,0.3856269772414606
1017,0.3227700384077158
1018,0.35563918122512617
1019,0.2396828225321113
1020,0.31023564065101156
1021,0.6964656063923577
1022,0.25579436249060306
1023,0.17964088389640784
1024,0.4156860988900388
1025,0.04963256089117523
1026,0.16779959284229437
1027,0.3504664939478005
1028,0.37874584701446656
1029,0.20889690235071606
1030,0.1123559442235869
1031,0.33333505430796606
1032,0.5131464826529878
1033,0.36589766546283303
1034,0.39945886427350635
1035,0.2696456420385722
1036,0.36269540112999
1037,0.6958909079507752
1038,0.5416913479742281
1039,0.45267335083252597
1040,0.3524843239174074
1041,0.27889684578376583
1042,0.15142306789524354
1043,0.2889127491960566
1044,0.14781347592977453
1045,0.23874490836390805
1046,0.27013261468225785
1047,0.2983370666981142
1048,0.3489114263664453
1049,0.2965726979703676
1050,0.2545069277882544
1051,0.21988914145533367
1052,0.2343019494910488
1053,0.1790049466114982
1054,0.35704106511232375
1055,0.38268026304112635
1056,0.34049299123405324
1057,0.4469731791209047
1058,0.41272398258847004
1059,0.5859488260408066
1060,0.2695383689418204
1061,0.23402699255449652
1062,0.3399267902617032
1063,0.1777709243376028
1064,0.2196636572685156
1065,0.574951877308627
1066,0.23967725782485974
1067,0.2525139805210073
1068,0.2722991613348594
1069,0.2912334741102893
1070,0.3469800974639002
1071,0.288043738382862
1072,0.2536604023523198
1073,0.38306940480104595
1074,0.22981058429072468
1075,0.21171518923160673
1076,0.29640638872205777
1077,0.5044237193499119
1078,0.23221161643351645
1079,0.17145885400603356
1080,0.2974950784427569
1081,0.6075397460805501
1082,0.2286676990016681
1083,0.26488054180915216
1084,0.2368586309728555
1085,0.43875202976731514
1086,0.1178676489825185
1087,0.162463588712488
1088,0.2390643006641403
1089,0.41167314899423085
1090,0.3305807511604749
1091,0.2092783506789457
1092,0.22004077814060358
1093,0.23511691605814009
1094,0.39786947079217727
1095,0.6196814331630757
1096,0.4590375238760717
1097,0.25668051157759897
1098,0.4255255918685777
1099,0.301115299502984
1100,0.501784382697655
1101,0.6309399698074464
1102,0.06937577372534111
1103,0.20819896461453033
1104,0.18824481270839039
1105,0.3244857074607289
1106,0.2779527213571071
1107,0.5418201247187776
1108,0.41490346650296095
1109,0.30462634229096364
1110,0.5460946392703104
1111,0.46139955838578234
1112,0.23182071312161998
1113,0.5101667414173707
1114,0.5599432068997259
1115,0.4564202456537829
1116,0.17169992041672208
1117,0.6111444229098393
1118,0.25421436063870606
1119,0.33863088222087806
1120,0.6958369814830622
1121,0.19004515031058936
1122,0.6123710392102483
1123,0.2529395648881355
1124,0.2860758946338345
1125,0.08860104241423658
1126,0.27652687457632535
1127,0.5591020571514307
1128,0.3103688846134057
1129,0.2925663950479052
1130,0.23336693792644045
1131,0.11174100381557937
1132,0.12929219291392094
1133,0.21724605592079432
1134,0.40324607997490775
1135,0.43166336896792884
1136,0.3884546336212631
1137,0.3508473751490261
1138,0.2814924370970699
1139,0.28935006878147884
1140,0.3472051505182906
1141,0.1379912683074386
1142,0.4553352001251713
1143,0.14373654044170764
1144,0.19139143245333357
1145,0.2484106032631842
1146,0.3678282662980429
1147,0.11180956685061437
1148,0.30636767698497863
1149,0.09264612893301272
1150,0.2911319043183078
1151,0.34353928708500503
1152,0.23686878794926067
1153,0.2905454177275754
1154,0.33020187609656393
1155,0.2551504749198021
1156,0.21458595563931027
1157,0.49506020563196
1158,0.4215151260930764
1159,0.15974379741043232
1160,0.2216834392841196
1161,0.25022670480333226
1162,0.13597651646497108
1163,0.5893882235255659
1164,0.11573750757614437
1165,0.43901550008536444
1166,0.05667614900989549
1167,0.20159066273209225
1168,0.32486037545395446
1169,0.2334001549031512
1170,0.44806447447391334
1171,0.4287573783658544
1172,0.3220894772704908
1173,0.31296937687749554
1174,0.3754107360999736
1175,0.11153272337822827
1176,0.36687977529523125
1177,0.6578153569837939
1178,0.24957269786246086
1179,0.06902873878521773
1180,0.2830205837709212
1181,0.21936258744421722
1182,0.6447038420743055
1183,0.27227348015434816
1184,0.3484366249822785
1185,0.39064645416019034
1186,0.5773082639717009
1187,0.26122639541503495
1188,0.2874424236160934
1189,0.48008352128456344
1190,0.1966828750969504
1191,0.1597527551244509
1192,0.30532631469529703
1193,0.33251238661431076
1194,0.2156095932087511
1195,0.3915818310090005
1196,0.5650149124334441
1197,0.43401154918579726
1198,0.2817243374884203
1199,0.265720151152345
1200,0.5010093295804843
1201,0.5722594310270207
1202,0.3286542561963357
1203,0.2922257245620274
1204,0.29186746922298223
1205,0.16721103800301232
1206,0.3543670139106624
1207,0.251557215112452
1208,0.40132374022498074
1209,0.29116932536589996
1210,0.09867730827101094
1211,0.23239157784946374
1212,0.4983421781497091
1213,0.2367561128807701
1214,0.46142950870930555
1215,0.28014068825928534
1216,0.30668760569721426
1217,0.48172557360804896
1218,0.1395945918539649
1219,0.338880023896038
1220,0.2078408329671233
1221,0.1969467546294154
1222,0.23427136411739133
1223,0.3951259708937453
1224,0.4636972547493036
1225,0.33920093397896434
1226,0.30106794295091843
1227,0.5199370832542439
1228,0.28311806285206453
1229,0.10527892646756233
1230,0.3071622143107147
1231,0.3203418212368344
1232,0.2674260989434591
1233,0.45692582994925024
1234,0.2646713945631618
1235,0.1641671068688751
1236,0.3819700438715325
1237,0.18986665588104498
1238,0.3810480302853141
1239,0.5129955726393698
1240,0.3346675541017608
1241,0.4914580800426308
1242,0.27442747007554025
1243,0.26623211760715726
1244,0.4133769734798862
1245,0.29004879023198343
1246,0.6112117940401375
1247,0.37998802279805893
1248,0.16524109591556627
1249,0.5035015457806393
1250,0.42037326372450234
1251,0.28649836633957665
1252,0.5600121217836628
1253,0.584958741069437
1254,0.5909166533162864
1255,0.27942333114985024
1256,0.2758359939238394
1257,0.03014133727890089
1258,0.4907957160962524
1259,0.2844388208020178
1260,0.24423536943749008
1261,0.4324055276855243
1262,0.25929931594392486
1263,0.1261847173617494
1264,0.22344602825895307
1265,0.18223834411740034
1266,0.06286708588707633
1267,0.44090474432342125
1268,0.21369721849346798
1269,0.0972206407469434
1270,0.36360461632649194
1271,0.45958666161841666
1272,0.29935807594226294
1273,0.111998428019214
1274,0.28142754777745516
1275,0.26213408629965523
1276,0.3592500171546203
1277,0.5484339602185689
1278,0.390486055178326
1279,0.5640036027759335
1280,0.4104831584791293
1281,0.4298289732508198
1282,0.4632470190210741
1283,0.5899167934238685
1284,0.45479237709122083
1285,0.399107174495998
1286,0.11217412990682651
1287,0.22795803055601296
1288,0.5120804166239465
1289,0.29753969526112795
1290,0.18703066718405822
1291,0.5911074207081908
1292,0.19329049681990923
1293,0.07379292903810272
1294,0.08303519563513004
1295,0.31251062494369736
1296,0.19991913206592093
1297,0.1982041490813243
1298,0.10789388884679363
1299,0.3153135900441859
1300,0.32912969744232023
1301,0.4820771503354954
1302,0.41980941251420995
1303,0.2785212189125901
1304,0.2567003209040659
1305,0.18899214274232415
1306,0.26967202693296705
1307,0.2883118883690647
1308,0.3133710875793014
1309,0.1323364478383432
1310,0.25195240716135286
1311,0.3788119193512136
1312,0.3633750061629035
1313,0.4334185953863169
1314,0.24642307301577504
1315,0.22225734832806884
1316,0.07580907237267454
1317,0.5090156147951527
1318,0.3362472729323886
1319,0.21924755316628705
1320,0.333372951193852
1321,0.467370828735999
1322,0.3929312589427761
1323,0.3910576095355108
1324,0.5488594347830525
1325,0.19711018338320224
1326,0.1796923611963474
1327,0.3150364209423699
1328,0.2293039150163474
1329,0.569054346222209
1330,0.36929310508832924
1331,0.3719053898191469
1332,0.22586444877669243
1333,0.4118562919612207
1334,0.3490286159869575
1335,0.5004521377061032
1336,0.32141325070280746
1337,0.2159634158868356
1338,0.20796800088118322
1339,0.4599665930757084
1340,0.24472510802614963
1341,0.4385166615989708
1342,0.2915957751382808
1343,0.4191136697486509
1344,0.277767426140363
1345,0.6042937603166391
1346,0.5000166386394762
1347,0.4183573693493819
1348,0.2376921657543535
1349,0.4884578981645081
1350,0.2675651745148814
1351,0.5072851316993598
1352,0.08261828583263883
1353,0.47473557859764715
1354,0.4308929257281727
1355,0.2416808264583086
1356,0.2936271368751103
1357,0.38084097192748834
1358,0.32249012669132954
1359,0.4211825139751586
1360,0.3672826889713176
1361,0.37880241337784765
1362,0.28743349338759855
1363,0.34157764273276847
1364,0.31231332405017054
1365,0.2582725656918498
1366,0.19308556440448216
1367,0.3604902367424334
1368,0.2645000434870922
1369,0.049909566197847484
1370,0.3774171700981627
1371,0.16103151237235205
1372,0.1622867998390313
1373,0.5010694124357675
1374,0.37040427009650456
1375,0.3326484030481033
1376,0.3427237380539298
1377,0.3421432987970319
1378,0.5324185604636786
1379,0.2692604038949361
1380,0.2746621087329801
1381,0.31949673828466063
1382,0.3291597044564453
1383,0.2358933740936901
1384,0.5498423429019723
1385,0.18590689753098308
1386,0.15002125784085155
1387,0.21878523796459767
1388,0.4371916084828516
1389,0.2635816207693973
1390,0.2651422990731046
1391,0.1538751569957197
1392,0.14193037486805063
1393,0.5435535027563747
1394,0.31472555621567855
1395,0.3438911447643836
1396,0.21361715126098826
1397,0.28800344178062065
1398,0.16366427886301116
1399,0.26090451915241447
1400,0.3866220230939337
1401,0.32490208181090574
1402,0.19278605479825037
1403,0.3022195266096021
1404,0.5399947500325893
1405,0.28593896936860363
1406,0.2658737895799962
1407,0.15268743632042248
1408,0.2803548611174159
1409,0.1926948362202808
1410,0.2581320480204815
1411,0.5070637914262889
1412,0.2578585837615917
1413,0.11680330708473216
1414,0.34955727874064274
1415,0.2478444848206624
1416,0.3112678889858553
1417,0.2431765086264367
1418,0.07782545934881585
1419,0.11190589979628514
1420,0.3304453611573887
1421,0.2151198246747127
1422,0.38994412021885816
1423,0.2570181482822098
1424,0.11068855431241563
1425,0.30891638182779513
1426,0.20512930286879535
1427,0.24560626347360442
1428,0.22909531517117787
1429,0.3528027352607462
1430,0.4102931392201458
1431,0.4099875447781097
1432,0.6058764356339705
1433,0.2234898858216889
1434,0.225316618638001
1435,0.25271363137984726
1436,0.2991397208713605
1437,0.3772834572155032
1438,0.24426760669798517
1439,0.21582036824689121
1440,0.42813932439731456
1441,0.3505151813683236
1442,0.259000256554985
1443,0.29024713292430065
1444,0.4510189506345012
1445,0.17059388916229248
1446,0.28274937996013566
1447,0.2630935753522859
1448,0.25754962048921654
1449,0.23455945081491789
1450,0.18349620394141675
1451,0.2604451909576241
1452,0.12845070543839768
1453,0.20030285378248178
1454,0.26974137788599256
1455,0.21306246092763145
1456,0.15810969206287065
1457,0.17233325985893425
1458,0.34837907383781036
1459,0.253126957221526
1460,0.1625849435962529
1461,0.17560156222213932
1462,0.34059395810036686
1463,0.11742942960499965
1464,0.09360384267233503
1465,0.19562941092550074
1466,0.10565791497080293
1467,0.41648157266012475
1468,0.29211753711374266
1469,0.07865842189788996
1470,0.18236585044907888
1471,0.5502427943747117
1472,0.12152697510628567
1473,0.2613638246794457
1474,0.41749410992930736
1475,0.26484964451953574
1476,0.33319317096141715
1477,0.029601260234985338
1478,0.22119947204058613
1479,0.2716900967556208
1480,0.1254822648981586
1481,0.25574554379660597
1482,0.137805365013707
1483,0.08524622408136982
1484,0.26523865940416735
1485,0.1585957388548951
1486,0.27640241034928253
1487,0.3766709928303471
1488,0.08455650006920852
1489,0.3693868945667432
1490,0.37302838649513204
1491,0.3130542143019611
1492,0.3050698879957313
1493,0.292388591291738
1494,0.2623754398041402
1495,0.35874250309635564
1496,0.10518479171510899
1497,0.22175711608479243
1498,0.45642462136382705
1499,0.5404770269920073
1500,0.5799155028014086
1501,0.396271602819176
1502,0.29145250655849214
1503,0.3334991263082446
1504,0.09430363272332826
1505,0.23637957242908256
1506,0.28146095064905546
1507,0.4470399783944143
1508,0.37452188716855095
1509,0.3390418038779875
1510,0.21550314364970208
1511,0.10220873555403974
1512,0.4176338707132428
1513,0.28938783722510175
1514,0.24923442100910936
1515,0.19865692081325595
1516,0.5565703958027993
1517,0.14287591795531246
1518,0.2251311953212657
1519,0.21313416528159124
1520,0.12202832837767287
1521,0.4178793503217648
1522,0.2604472380848891
1523,0.2711495780919945
1524,0.3142694380084054
1525,0.28447117169200914
1526,0.259210467200567
1527,0.4748934538913838
1528,0.21672022560349583
1529,0.18895390406692478
1530,0.2843771077657427
1531,0.26042031312759967
1532,0.33914699060044795
1533,0.14796505069893764
1534,0.2807309638217929
1535,0.5241802928444986
1536,0.20003326651642334
1537,0.49700196312764267
1538,0.23029216069103584
1539,0.474771262417778
1540,0.16866001501942082
1541,0.2492377980652343
1542,0.2073474367990052
1543,0.5861424645723459
1544,0.09578630134137082
1545,0.2180253034575047
1546,0.21724400436423089
1547,0.6871987979396754
1548,0.2398943660480704
1549,0.3891717280271867
1550,0.38238621281396873
1551,0.21183999706173146
1552,0.11611152857751932
1553,0.42688057498579157
1554,0.09693870232657996
1555,0.22577125037824197
1556,0.4366137170913788
1557,0.5873084995470635
1558,0.2329382575181875
1559,0.28139117748400905
1560,0.41998050754122973
1561,0.10014323883889874
1562,0.2637793670548388
1563,0.4863451974280362
1564,0.26972277208982365
1565,0.2581207029972715
1566,0.2813768457500279
1567,0.34693802274078767
1568,0.056672740863475075
1569,0.28358311569877
1570,0.48803653733571467
1571,0.15487406695968725
1572,0.6495023010717421
1573,0.276862747631421
1574,0.1355751698698432
1575,0.37604319201956304
1576,0.39804501368857
1577,0.4418359643175434
1578,0.23289413153815752
1579,0.46038645194475414
1580,0.38244323710890005
1581,0.269473582214452
1582,0.3011690247769272
1583,0.2886738029977456
1584,0.30653261343199106
1585,0.3690309120972021
1586,0.37249164777010874
1587,0.6598386587217508
1588,0.2386820299699239
1589,0.44356179432409426
1590,0.2584947843870914
1591,0.40961923418487006
1592,0.32100215108778746
1593,0.20519504539210687
1594,0.32955969231856097
1595,0.3709910092250539
1596,0.048955380508705015
1597,0.4849692935203467
1598,0.6160553957111229
1599,0.48479186822484266
1600,0.31645022122899535
1601,0.22710162241854825
1602,0.4969578289021376
1603,0.38265108634824513
1604,0.35658190753492897
1605,0.3038255180074428
1606,0.31566166355591674
1607,0.038909211526545126
1608,0.33064439500517745
1609,0.4575054862860351
1610,0.25864800498239854
1611,0.05658845718172985
1612,0.2751028651260425
1613,0.44560204739988
1614,0.41512273691218604
1615,0.4702898030195767
1616,0.1604026900700057
1617,0.2697073574063995
1618,0.24883434449416955
1619,0.36232671382343856
1620,0.2852049184924343
1621,0.1617652268452988
1622,0.2984109100841654
1623,0.19762758356585677
1624,0.28243594457581583
1625,0.3108890229053599
1626,0.2502259979670044
1627,0.343845097231673
1628,0.3208111736404474
1629,0.13727932870053436
1630,0.257998800291908
1631,0.5769161836168664
1632,0.34291286528296905
1633,0.5138490309884984
1634,0.29853120556658813
1635,0.34843871621177647
1636,0.33157998684928097
1637,0.5615545616200549
1638,0.25978967369520917
1639,0.572644939873904
1640,0.22709437182697967
1641,0.3089023020339862
1642,0.2702702060601629
1643,0.2457376702438635
1644,0.43980856321745176
1645,0.2579233879777659
1646,0.2203692830857017
1647,0.2807074973388197
1648,0.2024979924568353
1649,0.313591085635091
1650,0.3091560952939834
1651,0.6777720535726399
1652,0.6567063645197542
1653,0.15786808205065092
1654,0.35091624746705874
1655,0.2947180807441192
1656,0.5422669168070468
1657,0.3126583650133423
1658,0.305501937303592
1659,0.42373849092745103
1660,0.26454092122479766
1661,0.18001327885608745
1662,0.3071875142340374
1663,0.17115043989268341
1664,0.2691786280777445
1665,0.608095089685013
1666,0.27980496784061293
1667,0.24745095144209248
1668,0.6103417489791214
1669,0.5508680410765604
1670,0.42447654730839846
1671,0.2561480301759744
1672,0.4668726036859098
1673,0.4771875726066222
1674,0.323390659734287
1675,0.29657344967969645
1676,0.457845735596658
1677,0.15875745750843673
1678,0.6234540645713412
1679,0.24238227653174402
1680,0.17863399429051277
1681,0.3275791724445915
1682,0.416312009522146
1683,0.21760909815518142
1684,0.3172274381192045
1685,0.3070214990363138
1686,0.32538680802244285
1687,0.13684953413841044
1688,0.3672675559525351
1689,0.1436698876350044
1690,0.2023782836140331
1691,0.5320449953508034
1692,0.2990202643209589
1693,0.3334613764358927
1694,0.17046384546840307
1695,0.31193835151222443
1696,0.46060537095233617
1697,0.1816963166362275
1698,0.3696539671423352
1699,0.21610900681120565
1700,0.25776106953213734
1701,0.5753174274535293
1702,0.16147430777789673
1703,0.2537356168833844
1704,0.21662936488972245
1705,0.1105310806349004
1706,0.5349790851269522
1707,0.14282441590506012
1708,0.1292145357784043
1709,0.27278351406858065
1710,0.21276432493645495
1711,0.25069016680645745
1712,0.12619214263030742
1713,0.17999469853899147
1714,0.6802489683496162
1715,0.24645606693770322
1716,0.3174705550668246
1717,0.3037558711629799
1718,0.2585801110408752
1719,0.25115433965885087
1720,0.2022234160330785
1721,0.4853575943763748
1722,0.23783508802543493
1723,0.40754986604645344
1724,0.5088185042219608
1725,0.2989458202842896
1726,0.5500357039102812
1727,0.3915115583299822
1728,0.4982053002867593
1729,0.36344620467684446
1730,0.40570035900845536
1731,0.2224680914186881
1732,0.5657799485284363
1733,0.09786212898362447
1734,0.5282872079075708
1735,0.33341159188365305
1736,0.22318427353079612
1737,0.2680297900184509
1738,0.19122338976455847
1739,0.28333187681996536
1740,0.6601733166385465
1741,0.23486828811818147
1742,0.20943775391151453
1743,0.38353887355234983
1744,0.3290030979974624
1745,0.1449289569401784
1746,0.16280150887909345
1747,0.2762467286403792
1748,0.32389670487491246
1749,0.40099640212670334
1750,0.36544247732763846
1751,0.30883364612958214
1752,0.20465514686585493
1753,0.27772615320823285
1754,0.21480414094995676
1755,0.30760409634265634
1756,0.28709533304380375
1757,0.21380212253000994
1758,0.3176860417257726
1759,0.149648086023153
1760,0.160799617618884
1761,0.4525054592511356
1762,0.49554384818526453
1763,0.6096241381453577
1764,0.34804546415209425
1765,0.396534103534359
1766,0.3327040239894115
1767,0.22611574348686744
1768,0.23853057447168202
1769,0.6586281146592664
1770,0.34187315582274047
1771,0.38057821257548957
1772,0.30443661701093966
1773,0.3240959404975554
1774,0.2837306906249371
1775,0.1965721507535718
1776,0.2740061453379853
1777,0.31165960198473336
1778,0.13027707440206462
1779,0.3981696655431223
1780,0.23698744135855557
1781,0.5140324112820089
1782,0.2399646099570794
1783,0.557587703035301
1784,0.566164759267553
1785,0.2742450770635735
1786,0.15851146279342584
1787,0.2861726367761257
1788,0.1337339197511011
1789,0.4486055266141854
1790,0.48424142234898965
1791,0.36736314571025364
1792,0.09456918917937972
1793,0.1780009415871915
1794,0.33254681507518813
1795,0.2505557451470342
1796,0.41473188183271986
1797,0.38460075283001216
1798,0.25540302710973256
1799,0.47632271069684085
1800,0.23669743064589077
1801,0.3859140501858718
1802,0.3091592845683211
1803,0.3168209412821036
1804,0.4907032091842821
1805,0.14551271117833817
1806,0.28638866349971637
1807,0.12810156160811434
1808,0.2315071754559828
1809,0.6146822958676763
1810,0.2392920018713964
1811,0.3196074289398384
1812,0.3182460438288158
1813,0.4784075794741101
1814,0.32534159590167616
1815,0.33091703427988717
1816,0.2870440263461436
1817,0.5043352988927763
1818,0.21640291815091559
1819,0.5963525382032607
1820,0.2505172774147175
1821,0.5885517939987246
1822,0.13297905067455806
1823,0.43985986493937296
1824,0.2219786133316442
1825,0.32341865160733824
1826,0.12011800298808466
1827,0.2867876766301283
1828,0.5767036195136397
1829,0.2869153604752662
1830,0.1562048930010196
1831,0.27804570725543276
1832,0.5793031041419977
1833,0.5977640844110187
1834,0.3642525767065952
1835,0.3731551584596064
1836,0.22459285326484818
1837,0.5884697881231875
1838,0.2955972957499605
1839,0.1781026172396226
1840,0.2707516351389571
1841,0.5282127724466862
1842,0.3575625935330908
1843,0.26775786970643983
1844,0.48748619343557936
1845,0.2849367278689094
1846,0.2715242161773509
1847,0.3128726764264835
1848,0.3386342877154446
1849,0.47616158527769215
1850,0.2725067166270558
1851,0.37895334463868274
1852,0.2708998573288027
1853,0.3957910664735643
1854,0.21909068169352036
1855,0.33968366147221773
1856,0.22459597017377272
1857,0.6131068303485635
1858,0.7045435609682937
1859,0.39929413464028257
1860,0.25274802799947776
1861,0.18400111070895547
1862,0.20901062787759941
1863,0.2817869555213309
1864,0.27202080844478493
1865,0.500287288543115
1866,0.32159680429299314
1867,0.2591790218481551
1868,0.10912445399016084
1869,0.2320781865637391
1870,0.16304239999088202
1871,0.523846372794727
1872,0.2086707323368415
1873,0.3062817586756956
1874,0.3909650294850903
1875,0.20556818010065828
1876,0.4290475835551425
1877,0.1579039569227373
1878,0.41258265410205663
1879,0.26580142228263437
1880,0.6301650839131241
1881,0.5632512659641472
1882,0.07460450705557169
1883,0.4755397702981173
1884,0.2283663091214008
1885,0.226217079684511
1886,0.31858902957828
1887,0.3080855554385776
1888,0.5241609129089668
1889,0.2863307858511495
1890,0.0603741886970309
1891,0.30272434570715917
1892,0.25191869682487256
1893,0.2749129182163442
1894,0.3869809747451744
1895,0.3354958696839408
1896,0.31127987038481353
1897,0.49569618062941756
1898,0.26994136754668846
1899,0.40130362313034074
1900,0.1838929013753117
1901,0.14197344878199925
1902,0.3993629361649458
1903,0.2342800814880389
1904,0.2715595213826494
1905,0.3035181170895918
1906,0.33714530130729015
1907,0.23287838285695325
1908,0.3572297138786845
1909,0.26121074459741533
1910,0.36549774506539157
1911,0.165747949305221
1912,0.3424187723757743
1913,0.34533642649405916
1914,0.20877758137303276
1915,0.16124470354953738
1916,0.5528880018768164
1917,0.13294022179969636
1918,0.24878787423923004
1919,0.4508496761471775
1920,0.5021529537781387
1921,0.43089287720088465
1922,0.2346053014274362
1923,0.13055645541207528
1924,0.40901178717542125
1925,0.15148063781080517
1926,0.4152931253393108
1927,0.07139442265137672
1928,0.30152367997219187
1929,0.2563465334266222
1930,0.21549485636277602
1931,0.2372227700222599
1932,0.38787338975157143
1933,0.42941043685654867
1934,0.1804849859654279
1935,0.28038385551537964
1936,0.16308698978560224
1937,0.36819104070152503
1938,0.3657810700497367
1939,0.285661196529051
1940,0.43084243409972317
1941,0.17558567172136555
1942,0.22784770975374888
1943,0.3369158545918472
1944,0.5761445329080689
1945,0.6766056598696693
1946,0.24395033444166203
1947,0.3028853738270564
1948,0.2856546661103603
1949,0.19729092462017483
1950,0.3495621845937861
1951,0.25912174116711445
1952,0.28271048686205924
1953,0.15737298449523413
1954,0.6749601366839054
1955,0.31183878409078897
1956,0.20940548439740958
1957,0.44167623276061746
1958,0.5802293355447304
1959,0.26429249675514743
1960,0.24530460694475284
1961,0.3161798373073832
1962,0.1311308283894037
1963,0.2593649056003056
1964,0.23851038904230829
1965,0.31370155158887103
1966,0.16271063799082414
1967,0.13591810421800324
1968,0.19277159769244792
1969,0.3359561040128325
1970,0.38751245653456495
1971,0.2637670981118339
1972,0.5132843556025574
1973,0.16947199961838502
1974,0.38266054675661393
1975,0.21406769245736476
1976,0.2749023910644233
1977,0.19408401082263063
1978,0.2693840429702752
1979,0.43279531135443405
1980,0.523267400243417
1981,0.2087387423207077
1982,0.5455414713411002
1983,0.27331638737355873
1984,0.25238119235675555
1985,0.4284562637698028
1986,0.2894063365442664
1987,0.27610932045983916
1988,0.3234414897960647
1989,0.4386928090163264
1990,0.3007968844208374
1991,0.22575429522808277
1992,0.47227223296589227
1993,0.33390591526062335
1994,0.3079819341278792
1995,0.3249056491682355
1996,0.18717023118299214
1997,0.24810767466478648
1998,0.3876319901188931
1999,0.4260042679902042
2000,0.34305401416745773
2001,0.2253336198682209
2002,0.4660138950749563
2003,0.20175296870237913
2004,0.07845858861964654
2005,0.21905589880920423
2006,0.17383361551736598
2007,0.21380271160863212
2008,0.3118174712149837
2009,0.3525746774174648
2010,0.4314042317545786
2011,0.26643532426552596
2012,0.2200333754704962
2013,0.10445608132684014
2014,0.1628227274714912
2015,0.20063826345475658
2016,0.41707894661440686
2017,0.21493914330341876
2018,0.6279844020688574
2019,0.19712458312856226
2020,0.2837191915094338
2021,0.27353090832353677
2022,0.1888782667643665
2023,0.31886516927493236
2024,0.13921432939722184
2025,0.16931619643964343
2026,0.26233806565570134
2027,0.3362603825298585
2028,0.2401029786946669
2029,0.25261603567504565
2030,0.3081434185170027
2031,0.35890255140340394
2032,0.311229485007534
2033,0.2415292603978585
2034,0.2684797300524393
2035,0.07268736121056886
2036,0.41482968867573167
2037,0.22292069071040882
2038,0.25303648969771453
2039,0.08015666887097961
2040,0.28007837249136897
2041,0.26688246543864297
2042,0.23254044606385413
2043,0.24662102490079746
2044,0.28574171140673316
2045,0.08645571654855397
2046,0.2135157752510151
2047,0.6580987146952543
2048,0.21669330637422057
2049,0.5535590965695543
2050,0.24909065336894684
2051,0.06352571119092293
2052,0.46079327386225183
2053,0.5502915390491364
2054,0.3548103123429999
2055,0.49731560944837006
2056,0.15818346875058412
2057,0.29485048597839475
2058,0.30329867624268625
2059,0.09432917560611652
2060,0.6357019088210144
2061,0.43089011152337986
2062,0.37632903664733053
2063,0.42959130611061513
2064,0.28018796229853715
2065,0.23005223256690494
2066,0.19906325218800794
2067,0.4464529753744388
2068,0.33221035081467526
2069,0.27337089934469
2070,0.2232992233914765
2071,0.2347926080829242
2072,0.27609954105092244
2073,0.3910148655229311
2074,0.2789787038759928
2075,0.2331067211905183
2076,0.34772635845485494
2077,0.06667047515710767
2078,0.24113042474840918
2079,0.24195586158143956
2080,0.27329704789381365
2081,0.17366582249204993
2082,0.2868150165242725
2083,0.4048963729246724
2084,0.586936163140795
2085,0.36177917454279895
2086,0.2175573670630016
2087,0.2598945965815037
2088,0.241471355925971
2089,0.15082373994918385
2090,0.21382631233768495
2091,0.6626936920792976
2092,0.3106064992927667
2093,0.2765605124536647
2094,0.29849674385221353
2095,0.2589364230992119
2096,0.2737596961596129
2097,0.3049716956168512
2098,0.24573458586475241
2099,0.020425965388181515
2100,0.2045734515054258
2101,0.06694232545437741
2102,0.30366487044784823
2103,0.45555271076058873
2104,0.19749703617782327
2105,0.18778037994057117
2106,0.41445644259978975
2107,0.4158074281453089
2108,0.3129677100356196
2109,0.34943986135197885
2110,0.30383729681815264
2111,0.37082222770682993
2112,0.34913890894430377
2113,0.25261086878963107
2114,0.24930079385383314
2115,0.25938693434437093
2116,0.15042200813279444
2117,0.5939128511950903
2118,0.24077683181416557
2119,0.6317585488747472
2120,0.2940269327829362
2121,0.3797080926042632
2122,0.06935988433196066
2123,0.1638536574638405
2124,0.28676894398199715
2125,0.38390353682416495
2126,0.04724883519104895
2127,0.3501142381244055
2128,0.4740484566996727
2129,0.43613126321471885
2130,0.289661926725563
2131,0.5449986958962898
2132,0.15448480609592097
2133,0.26824158180003244
2134,0.351332326267848
2135,0.3514588934080322
2136,0.25045820186333806
2137,0.3819114072961009
2138,0.31219336293029254
2139,0.0437935498301618
2140,0.31761844097722114
2141,0.3386450125893394
2142,0.3841355500291514
2143,0.4388491764605845
2144,0.20811071798584205
2145,0.34920622703485343
2146,0.23954818323049895
2147,0.23345444158346182
2148,0.4299757937299291
2149,0.14565570051116938
2150,0.27950051829171235
2151,0.3642570820659513
2152,0.29229655472276944
2153,0.3451260242033601
2154,0.21495626138334756
2155,0.2640440142519861
2156,0.3218261093425288
2157,0.224249673068039
2158,0.12458182801500729
2159,0.37418599468226027
2160,0.5286836971562969
2161,0.20801848472467882
2162,0.38861834369912246
2163,0.16137668711459455
2164,0.23977636330017565
2165,0.2425101910989944
2166,0.21823424981081221
2167,0.18980067159454
2168,0.3096719270530252
2169,0.2263453149715297
2170,0.4225667558040696
2171,0.26626327274584116
2172,0.10240044786368617
2173,0.2630145649703948
2174,0.47144808472803323
2175,0.23836154935309323
2176,0.4355953096474131
2177,0.17701665031552077
2178,0.4221867150447602
2179,0.47469973271907373
2180,0.2904599613922116
2181,0.40521295244236544
2182,0.5926930980307549
2183,0.4812882791484463
2184,0.3156762254469529
2185,0.2959728040713954
2186,0.23682392299799288
2187,0.1495404038463022
2188,0.44413008738705834
2189,0.39705004881234773
2190,0.2901279546204039
2191,0.29306984951460296
2192,0.2973523153483382
2193,0.16613885718392155
2194,0.5610495326002939
2195,0.33286296070634597
2196,0.4819919160338985
2197,0.25200627123717856
2198,0.2561300598092633
2199,0.5520127070456065
2200,0.24182856275083642
2201,0.18599411448846795
2202,0.39969639188703526
2203,0.6195446475013558
2204,0.23065666093840262
2205,0.28471517653752926
2206,0.08671945079995323
2207,0.19319660524290452
2208,0.2529815169421997
2209,0.39853537834795505
2210,0.10332386684177494
2211,0.252349893571325
2212,0.2333214852103946
2213,0.40984957556279117
2214,0.22669467361749834
2215,0.27774860928345885
2216,0.5293044526649182
2217,0.24836511333325892
2218,0.2784540491980166
2219,0.6258307539942285
2220,0.4196366744587102
2221,0.27837681605170667
2222,0.2852683072312287
2223,0.17391011442242518
2224,0.5271044066641313
2225,0.5665638656746761
2226,0.25022611900166297
2227,0.11248323484451181
2228,0.34954824852825406
2229,0.24457998626141786
2230,0.2837717283414161
2231,0.32389212901716674
2232,0.6249508002356269
2233,0.24483387989557456
2234,0.26658739552451705
2235,0.2541704067470218
2236,0.284465482522755
2237,0.5152734610913954
2238,0.22646862355594896
2239,0.4590205042999233
2240,0.2807224712931461
2241,0.20777815705547895
2242,0.47535836678714066
2243,0.1887098846930848
2244,0.395384075385209
2245,0.5215775970282436
2246,0.20034023025401623
2247,0.38240028223140493
2248,0.13964566922034888
2249,0.3514010167130668
2250,0.41207767723406097
2251,0.3333821479397057
2252,0.09046646246714136
2253,0.567907879163303
2254,0.23461405751511172
2255,0.41253433957166474
2256,0.19618853902120414
2257,0.3823478554251686
2258,0.16806530284316054
2259,0.26765537017745
2260,0.18796274490531842
2261,0.32973560635849297
2262,0.4209973793358764
2263,0.5486084108806151
2264,0.3503042330210227
2265,0.14764636124511282
2266,0.17664849747243794
2267,0.20971154336814773
2268,0.47194044462133455
2269,0.308002466209527
2270,0.3943540292718824
2271,0.23453678455113053
2272,0.24220151590479772
2273,0.2290003331319953
2274,0.43013854782687816
2275,0.34579015671752433
2276,0.3611378512375364
2277,0.351005020877494
2278,0.34324197293716413
2279,0.4714910906283399
2280,0.09456214364461697
2281,0.2874281839586562
2282,0.07576508025730465
2283,0.17103462210529663
2284,0.5625101296286743
2285,0.22846515937154138
2286,0.5244201902153104
2287,0.3250809793840355
2288,0.24729780584770608
2289,0.19398652713384754
2290,0.2072528978041006
2291,0.34953430689707793
2292,0.3741394681612695
2293,0.2298331707487042
2294,0.2635655465987082
2295,0.2698879743099092
2296,0.3638920655433262
2297,0.28624720452620356
2298,0.42206972908172624
2299,0.137872179735049
2300,0.21451863432299892
2301,0.11124696008010873
2302,0.233090409381062
2303,0.3686486271458378
2304,0.3075028759126463
2305,0.4191174239769203
2306,0.29214526173408195
2307,0.20973830368964694
2308,0.27383989440660084
2309,0.2772243261016899
2310,0.5135141949445228
2311,0.18304192218205248
2312,0.2777694739513573
2313,0.21711599662162448
2314,0.42022026752842623
2315,0.16270828169540824
2316,0.0864575565737671
2317,0.31973163580871616
2318,0.10582390844695973
2319,0.483134266135745
2320,0.28467339824816196
2321,0.4295093289586086
2322,0.3836477583182236
2323,0.18603677353842013
2324,0.3207421780467324
2325,0.3394099420975069
2326,0.11131313522417119
2327,0.49905845350370387
2328,0.4433444405174222
2329,0.25371091708545046
2330,0.3505560683169907
2331,0.24419041525963786
2332,0.3169370123805464
2333,0.2593963709559795
2334,0.317621584869921
2335,0.2361324072303859
2336,0.5596713779828545
2337,0.34233262910895434
2338,0.19490379305994165
2339,0.32486490027455917
2340,0.10593360932971628
2341,0.11621478819276625
2342,0.40473259231506575
2343,0.4689924866581208
2344,0.3260538696414512
2345,0.4760631158702719
2346,0.4068233903824903
2347,0.16749401944004635
2348,0.23143172189007857
2349,0.25040948694404536
2350,0.34990037996912404
2351,0.3301855218716617
2352,0.3064665293523067
2353,0.622482711523619
2354,0.6835630044424862
2355,0.7394802042613217
2356,0.1533705086387389
2357,0.19595373063914165
2358,0.23353481623277741
2359,0.44475790095610773
2360,0.2592526643172344
2361,0.2772054804733781
2362,0.24540755947986764
2363,0.35736015646469005
2364,0.2658931977924795
2365,0.06764797624427268
2366,0.50467996322882
2367,0.34353605673259985
2368,0.3435612205765647
2369,0.1850241277785937
2370,0.17596620512842837
2371,0.3623980039194342
2372,0.2235795043500411
2373,0.37755132924505747
2374,0.22967762875833875
2375,0.4574125000179272
2376,0.29799570944431114
2377,0.20057038682616443
2378,0.25938263352338065
2379,0.4210644889271464
2380,0.31231783022433496
2381,0.39680159678390475
2382,0.2965378452723321
2383,0.2824506866872538
2384,0.3926824307228996
2385,0.2908901551116196
2386,0.21961623641896583
2387,0.6542769446243772
2388,0.21984437027334433
2389,0.13029102781391871
2390,0.3438314426810491
2391,0.30273029109830146
2392,0.20041935402435945
2393,0.15164826714588492
2394,0.3908741794565905
2395,0.5047403971704697
2396,0.14933055754402308
2397,0.2075074677412007
2398,0.27474945043698606
2399,0.25308383988773
2400,0.30639082344066837
2401,0.24576546396201499
2402,0.27556797739627203
2403,0.2915183902674339
2404,0.5567692859875419
2405,0.03560234200966786
2406,0.2493067960825766
2407,0.3768956675372231
2408,0.2090694079954112
2409,0.17329643302165795
2410,0.30709710338262236
2411,0.6357442615297015
2412,0.2817374821863619
2413,0.1387463429753228
2414,0.19764420725491352
2415,0.06529542958477343
2416,0.24448408384011458
2417,0.372333244846081
2418,0.14620418636523136
2419,0.5385499744541393
2420,0.5755430419428976
2421,0.40183445834277925
2422,0.4423096102409442
2423,0.1613748684556649
2424,0.3106414457168293
2425,0.4844006749643796
2426,0.13127876223160181
2427,0.320733004212969
2428,0.35452436754934363
2429,0.15165122800777356
2430,0.27272045887305746
2431,0.26341884387189823
2432,0.37754259210979585
2433,0.5664385784107473
2434,0.12772110848510707
2435,0.2465263754898991
2436,0.2998392048028114
2437,0.12187135353523541
2438,0.08057410324296536
2439,0.3238516271575529
2440,0.2951401532991239
2441,0.15279236211244387
2442,0.22415924005180815
2443,0.5912084361307212
2444,0.12725410034216758
2445,0.1406365623618909
2446,0.10411165176794877
2447,0.28238167907690015
2448,0.2167394220529935
2449,0.39833144462805814
2450,0.25130391615651076
2451,0.22470509365249486
2452,0.20492555695048187
2453,0.20070716227232338
2454,0.1260733303243266
2455,0.14942676762734758
2456,0.2521571386274871
2457,0.1070031739997708
2458,0.5775827504430819
2459,0.2531663482106893
2460,0.5257165849894359
2461,0.15445701888815971
2462,0.22491843633571174
2463,0.4656251175696366
2464,0.39338709909022773
2465,0.5174081390310964
2466,0.2956579563637496
2467,0.3782399844476864
2468,0.4207262811788889
2469,0.22578468049277667
2470,0.3190083205754128
2471,0.44710963338597776
2472,0.18030813102766277
2473,0.22848179030288313
2474,0.33576152816655525
2475,0.23646808598351923
2476,0.06760547810020848
2477,0.18191938866565413
2478,0.12054175185260707
2479,0.2773773920626891
2480,0.25955470160753646
2481,0.34419945396581975
2482,0.30608205189401816
2483,0.2402996714513169
2484,0.18767068228426095
2485,0.3094496818189222
2486,0.1865465449752576
2487,0.33316122626794836
2488,0.2548484258450512
2489,0.12720477093724095
2490,0.05097032046434411
2491,0.25274514450505914
2492,0.40886373768704615
2493,0.216794366854039
2494,0.6087483594721427
2495,0.16362803737821624
2496,0.2906440221200291
2497,0.4551493933112557
2498,0.39168022106591205
2499,0.42471530385479284
